{
  "file": "submissions/protboost_1000.tsv",
  "file_size_mb": 201.96471500396729,
  "row_count": 7822787,
  "protein_count": 224309,
  "term_count": 1000,
  "score_mean": 0.20835629592330704,
  "score_std": 0.3018953057440794,
  "score_min": 0.01,
  "score_max": 1.0,
  "high_score_counts": {
    ">=0.9": 648227,
    ">=0.8": 771713,
    ">=0.7": 912657,
    ">=0.5": 1259020
  },
  "histogram": {
    "0.0-0.1": 4823685,
    "0.1-0.2": 828207,
    "0.2-0.3": 412992,
    "0.3-0.4": 276045,
    "0.4-0.5": 222838,
    "0.5-0.6": 185399,
    "0.6-0.7": 160964,
    "0.7-0.8": 140944,
    "0.8-0.9": 123486,
    "0.9-1.0": 648227
  }
}