{
  "file": "submissions/rank_ensemble.tsv",
  "file_size_mb": 1466.9555578231812,
  "row_count": 56777933,
  "protein_count": 271571,
  "term_count": 34025,
  "score_mean": 0.3351455306892203,
  "score_std": 0.3638405308796016,
  "score_min": 0.007,
  "score_max": 1.0,
  "high_score_counts": {
    ">=0.9": 4411555,
    ">=0.8": 12800160,
    ">=0.7": 16620480,
    ">=0.5": 17901195
  },
  "histogram": {
    "0.0-0.1": 27956751,
    "0.1-0.2": 4998980,
    "0.2-0.3": 3737901,
    "0.3-0.4": 915654,
    "0.4-0.5": 1267452,
    "0.5-0.6": 539285,
    "0.6-0.7": 741430,
    "0.7-0.8": 3820320,
    "0.8-0.9": 8388605,
    "0.9-1.0": 4411555
  }
}