{
  "file": "data/processed/notebooks/sota_27jan/output/submission.tsv",
  "file_size_mb": 1368.7237405776978,
  "row_count": 53011961,
  "protein_count": 279437,
  "term_count": 33795,
  "score_mean": 0.32641410885556577,
  "score_std": 0.3879131774148536,
  "score_min": 0.002668,
  "score_max": 48.125797,
  "high_score_counts": {
    ">=0.9": 10294994,
    ">=0.8": 10829521,
    ">=0.7": 11226059,
    ">=0.5": 15426642
  },
  "histogram": {
    "0.0-0.1": 27438172,
    "0.1-0.2": 4360788,
    "0.2-0.3": 3608162,
    "0.3-0.4": 860634,
    "0.4-0.5": 1317563,
    "0.5-0.6": 364781,
    "0.6-0.7": 3835802,
    "0.7-0.8": 396538,
    "0.8-0.9": 534527,
    "0.9-1.0": 4297226
  }
}