{
  "file": "submission.tsv",
  "file_size_mb": 279.98064136505127,
  "row_count": 12568973,
  "protein_count": 202804,
  "term_count": 32491,
  "score_mean": 0.7059041508801079,
  "score_std": 0.06639860379475239,
  "score_min": 0.059,
  "score_max": 1.0,
  "high_score_counts": {
    ">=0.9": 624645,
    ">=0.8": 683770,
    ">=0.7": 8526055,
    ">=0.5": 12545146
  },
  "histogram": {
    "0.0-0.1": 77,
    "0.1-0.2": 268,
    "0.2-0.3": 160,
    "0.3-0.4": 357,
    "0.4-0.5": 22965,
    "0.5-0.6": 471983,
    "0.6-0.7": 3547108,
    "0.7-0.8": 7842285,
    "0.8-0.9": 59125,
    "0.9-1.0": 624645
  }
}