{
  "file": "data/processed/cafa_optimization/submission.tsv",
  "file_size_mb": 1319.8398609161377,
  "row_count": 58298340,
  "protein_count": 279437,
  "term_count": 34091,
  "score_mean": 0.3438356830743382,
  "score_std": 0.38929692452748266,
  "score_min": 0.003,
  "score_max": 1.0,
  "high_score_counts": {
    ">=0.9": 12639592,
    ">=0.8": 13156873,
    ">=0.7": 13600971,
    ">=0.5": 18359293
  },
  "histogram": {
    "0.0-0.1": 29629278,
    "0.1-0.2": 4610476,
    "0.2-0.3": 3662741,
    "0.3-0.4": 817845,
    "0.4-0.5": 1218707,
    "0.5-0.6": 321480,
    "0.6-0.7": 4436842,
    "0.7-0.8": 444098,
    "0.8-0.9": 517281,
    "0.9-1.0": 12639592
  }
}