{
  "file": "data/processed/notebooks/external/nb153/submission.tsv",
  "file_size_mb": 312.10856342315674,
  "row_count": 13663231,
  "protein_count": 224309,
  "term_count": 26059,
  "score_mean": 0.5744584914797974,
  "score_std": 0.28771685264017055,
  "score_min": 0.01,
  "score_max": 1.0,
  "high_score_counts": {
    ">=0.9": 2107188,
    ">=0.8": 3825828,
    ">=0.7": 5326452,
    ">=0.5": 8454590
  },
  "histogram": {
    "0.0-0.1": 1132042,
    "0.1-0.2": 891422,
    "0.2-0.3": 809461,
    "0.3-0.4": 797930,
    "0.4-0.5": 1577786,
    "0.5-0.6": 1600927,
    "0.6-0.7": 1527211,
    "0.7-0.8": 1500624,
    "0.8-0.9": 1718640,
    "0.9-1.0": 2107188
  }
}